{"shoulder_offset": 166.23562998885944, "elbow_offset": -38.41461411374064}