{"shoulder_offset": -168.2980519111794, "elbow_offset": -34.976331646945624}