{"shoulder_offset": 170.57635653800241, "elbow_offset": -165.8135947109648}